Workbook

Sheet 来源登记
A1: 来源登记
A2: 黄色格为需要填写的内容。“用途”列可在开始标注前调整，开始后不再改动。
A4: 编号 | B4: 平台 | C4: 用途 | D4: 平台类型 | E4: 规则名称 | F4: 规则网址 | G4: 访问日期 | H4: 规则生效/更新日期 | I4: 运营主体（以规则写明为准） | J4: 文件名 | K4: 备注
A5: 1 | B5: 淘宝（含天猫） | C5: 例题 | D5: 综合电商 | E5: 阿里巴巴知识产权保护平台 原则&政策&规则&指引；投诉指引 | F5: https://ipp.alibabagroup.com/policy/cn.htm ；https://ipp.alibabagroup.com/instruction/cn.htm | G5: 2026-09-19 | H5: 页面未标注 | J5: rule_01.txt | K5: 阿里系平台可能共用一套知识产权保护规则，以实际规则为准
A6: 2 | B6: 京东 | C6: 考卷 | D6: 综合电商 | E6: 知产维权申诉处理规则；知产维权投诉处理规则 | F6: https://help.jd.com/user/issue/343-4124.html ；https://help.jd.com/user/issue/343-4122.html | G6: 2026-09-19 | H6: 2020年7月15日 | J6: rule_02.txt
A7: 3 | B7: 拼多多 | C7: 考卷 | D7: 综合电商 | E7: 拼多多知识产权保护管理制度（摘录，用户复制文本） | F7: https://ipp.pinduoduo.com | G7: 2026-09-20 | H7: 未标注 | J7: rule_03.txt
A8: 4 | B8: 抖音电商 | C8: 考卷 | D8: 内容/直播电商 | E8: 抖音电商知识产权侵权投诉处理规则（用户复制文本，文本未含标题） | F8: https://school.jinritemai.com/doudian/web/article/101651 | G8: 2026-09-20 | H8: 2019-07-03首次生效；2021-08-12最新修订 | J8: rule_04.txt
A9: 5 | B9: 快手电商 | C9: 例题 | D9: 内容/直播电商 | E9: 快手电商知识产权维权投诉指引（用户复制文本） | F9: https://ipp.kuaishou.com | G9: 2026-09-20 | H9: 2026-07-09发布 | J9: rule_05.txt
A10: 6 | B10: 小红书 | C10: 考卷 | D10: 社交电商 | E10: 小红书侵权投诉指引 | F10: https://agree.xiaohongshu.com/h5/terms/ZXXY20230215001/-1 （正文经 elawcn.com 2026-03-31 转载核对） | G10: 2026-09-19 | H10: 未标注 | J10: rule_06.txt
A11: 7 | B11: 得物 | C11: 考卷 | D11: 垂直电商（潮品） | E11: 得物知识产权侵权投诉指引（用户复制文本） | F11: https://ipp.dewu.com ；旧版：http://www.shizhuang-inc.com/property.html | G11: 2026-09-20 | H11: 未标注 | J11: rule_07.txt
A12: 8 | B12: 唯品会 | C12: 未使用 | D12: 综合电商 | J12: rule_08.txt | K12: 注意区分自营与第三方商家；未取得官方原文，未纳入样本
A13: 9 | B13: 苏宁易购 | C13: 考卷 | D13: 综合电商 | E13: 苏宁易购知识产权举报平台操作指引 | F13: https://stc.suning.com/stc/helpCenter/showHelpDetail/SBZ200000041.htm | G13: 2026-09-19 | H13: 未标注 | J13: rule_09.txt
A14: 10 | B14: 闲鱼 | C14: 未使用 | D14: 二手交易 | J14: rule_10.txt | K14: 若规则与淘宝完全相同，换一个平台；未取得官方原文，未纳入样本
A15: 11 | B15: 1688 | C15: 未使用 | D15: B2B批发 | J15: rule_11.txt | K15: 若规则与淘宝完全相同，换一个平台；未取得官方原文，未纳入样本
A16: 12 | B16: 美团 | C16: 考卷 | D16: 本地生活/即时零售 | E16: 美团知识产权投诉处理规则（用户复制文本） | F16: https://ipr.meituan.com | G16: 2026-09-20 | H16: 未标注 | J16: rule_12.txt
A17: 13 | B17: 微信小店 | C17: 未使用 | D17: 社交电商 | E17: 微信小店品牌侵权投诉助手上线公告 | F17: https://developers.weixin.qq.com/community/minihome/doc/000e4e6b5ec528795482ab6ab61401 | G17: 2026-09-19 | H17: 2024-12 | J17: rule_13.txt | K17: 未取得官方原文，未纳入样本
A18: 14 | B18: 转转 | C18: 未使用 | D18: 二手交易 | J18: rule_14.txt | K18: 未取得官方原文，未纳入样本
A19: 15 | B19: 小米有品 | C19: 未使用 | D19: 垂直电商（家居数码） | J19: rule_15.txt | K19: 未取得官方原文，未纳入样本
A20: 16 | B20: 哔哩哔哩会员购 | C20: 未使用 | D20: 垂直电商（二次元周边） | J20: rule_16.txt | K20: 未取得官方原文，未纳入样本
A21: 17 | B21: 微店 | C21: 未使用 | D21: 社交电商 | J21: rule_17.txt | K21: 未取得官方原文，未纳入样本
A22: 18 | B22: 当当 | C22: 未使用 | D22: 垂直电商（图书） | J22: rule_18.txt | K22: 未取得官方原文，未纳入样本
A23: 19 | B23: 蘑菇街 | C23: 未使用 | D23: 社交电商 | J23: rule_19.txt | K23: 未取得官方原文，未纳入样本
A24: 20 | B24: 孔夫子旧书网 | C24: 未使用 | D24: 二手交易（图书） | J24: rule_20.txt | K24: 未取得官方原文，未纳入样本

Sheet 标注表
A1: 标注表
A2: 在黄色格下拉选择：满足 / 部分满足 / 缺失 / 不适用。灰色行为虚构示例，不计入统计；蓝色格为自动统计。
A4: 编号 | B4: 平台 | C4: 用途 | D4: 1. 建立知识产权保护规则 电商法41条 | E4: 2. 通知须附初步证据及身份信息 电商法42条、民法典1195条 | F4: 3. 及时采取必要措施 电商法42条 | G4: 4. 将通知转送经营者 电商法42条 | H4: 5. 错误/恶意通知的责任 电商法42条第3款 | I4: 6. 经营者可提交不侵权声明 电商法43条 | J4: 7. 转送声明并告知可投诉/起诉 电商法43条 | K4: 8. 15日内无投诉/起诉则终止措施 电商法43条第2款 | L4: 9. 公示通知、声明及处理结果 电商法44条 | M4: 原文依据（按 [项目编号] 摘录） | N4: 满足 | O4: 部分满足 | P4: 缺失 | Q4: 不适用 | R4: 已标注项数
A5: 例 | B5: 示例平台（虚构） | C5: 示例 | D5: 满足 | E5: 部分满足 | F5: 满足 | G5: 部分满足 | H5: 缺失 | I5: 满足 | J5: 部分满足 | K5: 部分满足 | L5: 缺失 | M5: [1] “投诉人应提交权利证明及侵权链接” —— 只要求权属证明，未要求侵权初步证据和身份证明，判部分满足。 [2] “平台将告知被投诉商家处理结果” —— 只告知结果不转送投诉内容，判部分满足。 [3] “申诉成立的，平台将恢复商品” —— 由平台自行判断，无15日期满恢复机制，判部分满足。 | N5: =COUNTIF(D5:L5,"满足") -> 3 | O5: =COUNTIF(D5:L5,"部分满足") -> 4 | P5: =COUNTIF(D5:L5,"缺失") -> 2 | Q5: =COUNTIF(D5:L5,"不适用") -> 0 | R5: =COUNTA(D5:L5) -> 9
A6: 1 | B6: =来源登记!B5 -> 淘宝（含天猫） | C6: =来源登记!C5 -> 例题 | D6: 满足 | E6: 满足 | F6: 部分满足 | G6: 部分满足 | H6: 部分满足 | I6: 部分满足 | J6: 部分满足 | K6: 部分满足 | L6: 缺失 | M6: [1] 阿里IPP设有专门的“原则&政策&规则&指引” —— 满足。[2] 要求“身份材料”“权利证明”及“侵权行为存在的证明文件” —— 三类齐全，满足。[3] “投诉成立后，相应商品链接将被移除” —— 有措施，无时限/“及时”承诺，部分满足。[4] “移除侵权链接并通知对方” —— 只写通知，未写转送投诉理由和证据，部分满足。[5] 认为投诉存在恶意的“将对提交者采取制裁措施” —— 只有平台制裁，未告知民事责任，部分满足。[6] “卖家可以提交申诉” —— 指引未要求附不侵权证据，部分满足。[7] 申诉内容“会转送给您以便作出回应” —— 有转送，未告知可投诉/起诉，部分满足。[8] 平台“决定是否恢复商品链接” —— 平台自行判断，无15日期满恢复；另设邮箱通道“根据相关法律程序处理”，部分满足（见疑难案例）。[9] IPP政策与指引未见公示规定 —— 缺失 | N6: =COUNTIF(D6:L6,"满足") -> 2 | O6: =COUNTIF(D6:L6,"部分满足") -> 6 | P6: =COUNTIF(D6:L6,"缺失") -> 1 | Q6: =COUNTIF(D6:L6,"不适用") -> 0 | R6: =COUNTA(D6:L6) -> 9
A7: 2 | B7: =来源登记!B6 -> 京东 | C7: =来源登记!C6 -> 考卷 | D7: 满足 | E7: 满足 | F7: 部分满足 | G7: 满足 | H7: 满足 | I7: 满足 | J7: 满足 | K7: 满足 | L7: 部分满足 | M7: [1] 设有《知产维权投诉处理规则》《知产维权申诉处理规则》等专门规则 —— 满足。[2] 申诉规则2.1.1：商家逾期未申诉的，平台“有权”下架或删除、屏蔽、断开链接 —— 措施写明但为“有权”且无处理时限，部分满足。[3] 申诉规则2.1.1“接到平台方转发的投诉材料之日起” —— 转送投诉材料，满足。[4] 申诉规则4.2：通知错误造成损害或恶意发出错误通知的，申诉人可要求投诉人“承担相应赔偿责任” —— 两种情形都写了，满足。[5] 申诉规则2.1.2列明各类不侵权证明材料，并要求书面理由 —— 满足。[6] 申诉规则2.2.2：转送申诉材料，投诉人可在15天内“向有关主管部门投诉或者向人民法院起诉” —— 满足。[7] 申诉规则2.2.4：转送声明“到达”权利人后15日内未收到投诉/起诉通知的，“有权终止”措施 —— 起算点正确，满足（但写“有权”而非“应当”）。[8] 申诉规则4.3“有权…公示双方的投诉和申诉信息” —— 未提处理结果，且为“有权”非承诺，部分满足。 | N7: =COUNTIF(D7:L7,"满足") -> 7 | O7: =COUNTIF(D7:L7,"部分满足") -> 2 | P7: =COUNTIF(D7:L7,"缺失") -> 0 | Q7: =COUNTIF(D7:L7,"不适用") -> 0 | R7: =COUNTA(D7:L7) -> 9
A8: 3 | B8: =来源登记!B7 -> 拼多多 | C8: =来源登记!C7 -> 考卷 | D8: 满足 | E8: 部分满足 | F8: 部分满足 | G8: 满足 | H8: 部分满足 | I8: 满足 | J8: 满足 | K8: 部分满足 | L8: 缺失 | M8: [1] 设立知识产权保护管理部门，有专门制度和保护平台 —— 满足。[2] 投诉须提交“知识产权权利证明文件、涉嫌侵权商品链接、构成侵权初步证据等材料” —— 有权属和侵权证据，正文未写身份材料，只要求注册账号），部分满足。[3] 构成有效通知的，“平台将及时采取必要措施” —— 有“及时”承诺，但没写具体措施，部分满足。[4] “并将该通知转送平台内商家” —— 满足。[5] 列举权利人恶意行为，平台可不予处理、终止措施、限制投诉权益 —— 只有平台处置，未告知错误/恶意通知的法律责任，部分满足。[6] 不侵权声明“应当包括不存在侵权行为的初步证据” —— 满足。[7] 声明经审核后“转送给权利人，并告知其可以向有关主管部门投诉或者向人民法院起诉” —— 满足。[8] “在规定期限内”未收到投诉或起诉通知的，“将及时终止所采取的相关措施” —— 有期满终止机制，但没写明15日，部分满足。[9] 制度中未提公示 —— 缺失）。 | N8: =COUNTIF(D8:L8,"满足") -> 4 | O8: =COUNTIF(D8:L8,"部分满足") -> 4 | P8: =COUNTIF(D8:L8,"缺失") -> 1 | Q8: =COUNTIF(D8:L8,"不适用") -> 0 | R8: =COUNTA(D8:L8) -> 9
A9: 4 | B9: =来源登记!B8 -> 抖音电商 | C9: =来源登记!C8 -> 考卷 | D9: 满足 | E9: 部分满足 | F9: 满足 | G9: 满足 | H9: 满足 | I9: 满足 | J9: 满足 | K9: 部分满足 | L9: 满足 | M9: [1] 有专门规则，经抖音电商知识产权保护平台受理 —— 满足。[2] 2.1.1 要求“提交知识产权权利证明材料、相关举证材料” —— 有权属证明和侵权证据，规则正文未写身份材料（只要求注册投诉账号），部分满足。[3] 2.2.1“会及时处理”，并采取“删除、终止交易和服务等必要措施” —— 满足。[4] 2.2.2“将有效的侵权通知转送被投诉人” —— 满足。[5] 1.2 恶意投诉“依法应当承担法律责任”；4.3 错误通知或恶意投诉造成损失的，被投诉人可要求“承担相应赔偿责任” —— 满足。[6] 2.2.2 声明“应当包括不存在侵权行为的初步证据” —— 满足。[7] 2.2.3 转送声明，并告知可“向有关主管部门投诉或者向人民法院起诉” —— 满足。[8] 2.2.4“平台有权依法终止或保留”所采取的措施 —— 没有15日期限，由平台自行决定，部分满足。[9] 2.4“有权依照法律规定公示”通知、声明及处理结果 —— 三者都写了，满足（措辞为“有权”）。 | N9: =COUNTIF(D9:L9,"满足") -> 7 | O9: =COUNTIF(D9:L9,"部分满足") -> 2 | P9: =COUNTIF(D9:L9,"缺失") -> 0 | Q9: =COUNTIF(D9:L9,"不适用") -> 0 | R9: =COUNTA(D9:L9) -> 9
A10: 5 | B10: =来源登记!B9 -> 快手电商 | C10: =来源登记!C9 -> 例题 | D10: 满足 | E10: 满足 | F10: 满足 | G10: 满足 | H10: 满足 | I10: 满足 | J10: 满足 | K10: 部分满足 | L10: 缺失 | M10: [1] 有专门的维权投诉指引和保护平台 —— 满足。[2] 3.1 要求权利人身份材料、权利证明材料、侵权链接及其他证明材料 —— 满足。[3] 4.1.1 对有效通知采取“删除、终止交易和服务等必要措施”；4.3.1 进入处理流程后“3~5个工作日左右进行处理” —— 满足。[4] 4.1.2“将有效的侵权通知转送被投诉人” —— 满足。[5] 1.1.4 恶意投诉“依法应当承担法律责任”；6.3 恶意或错误投诉造成损失的，被投诉人可要求“承担相应的赔偿责任” —— 满足。[6] 4.1.2《声明》应当包括不存在侵权行为的初步证据，并按权利类型列明证据 —— 满足。[7] 4.1.3 转送《声明》，并告知可“向有关主管部门投诉或者向人民法院起诉” —— 满足。[8] 没有15日期满恢复；只有4.1.4 投诉处理完成后出现有利证据时“有权终止或保留”措施 —— 由平台自行决定，部分满足。[9] 未提公示 —— 缺失。 | N10: =COUNTIF(D10:L10,"满足") -> 7 | O10: =COUNTIF(D10:L10,"部分满足") -> 1 | P10: =COUNTIF(D10:L10,"缺失") -> 1 | Q10: =COUNTIF(D10:L10,"不适用") -> 0 | R10: =COUNTA(D10:L10) -> 9
A11: 6 | B11: =来源登记!B10 -> 小红书 | C11: =来源登记!C10 -> 考卷 | D11: 满足 | E11: 满足 | F11: 满足 | G11: 满足 | H11: 缺失 | I11: 满足 | J11: 满足 | K11: 满足 | L11: 缺失 | M11: [1] 有专门的《侵权投诉指引》，覆盖笔记、商品、直播 —— 满足。[2] 要求真实身份证明、权属证明材料及“权利人书面陈述…必要的比对说明” —— 三类齐全，满足。[3] “通常小红书会在 7 日内处理您的侵权投诉”，措施包括删除、屏蔽、断开链接 —— 满足。[4] 转送内容“包括权利人的真实身份信息和证明侵权的初步证据” —— 满足。[5] 全文未提错误通知、恶意通知的责任 —— 缺失。[6] 申诉须提交“认为不构成侵权的初步证据”及《未侵权声明》 —— 满足。[7] 向权利人转送申诉，权利人可“向有关主管部门投诉或者向人民法院起诉” —— 满足。[8] “在向权利人转送申诉之日起 15 日内”未收到起诉通知的，“将解除、取消”措施 —— 满足。[9] 未提公示 —— 缺失。 | N11: =COUNTIF(D11:L11,"满足") -> 7 | O11: =COUNTIF(D11:L11,"部分满足") -> 0 | P11: =COUNTIF(D11:L11,"缺失") -> 2 | Q11: =COUNTIF(D11:L11,"不适用") -> 0 | R11: =COUNTA(D11:L11) -> 9
A12: 7 | B12: =来源登记!B11 -> 得物 | C12: =来源登记!C11 -> 考卷 | D12: 满足 | E12: 满足 | F12: 部分满足 | G12: 满足 | H12: 部分满足 | I12: 部分满足 | J12: 缺失 | K12: 缺失 | L12: 缺失 | M12: [1] 有专门的侵权投诉指引和得物知识产权保护平台 —— 满足。[2] 三、要求权利人身份证明材料、权利证明材料、侵权证明材料，并按权利类型列明 —— 满足。[3] 收到有效材料后“将在10-15个工作日内进行核实”，平台据此“决定是否采取必要措施” —— 时限针对核实，未写具体措施，部分满足。[4] “平台会将您提供的材料转发至被投诉方” —— 转送投诉材料，满足。[5] 投诉人保证承担“一切法律后果”，包括平台采取措施给“得物App用户及得物App”造成的损失 —— 写了错误投诉的赔偿责任，未写恶意通知，部分满足。[6] 引言提到平台依据“被投诉方可能提交的申诉材料”进行判断 —— 有申诉的说法，但没有申诉渠道、声明内容和证据要求，部分满足。[7] 未写将申诉转送权利人，也未告知可投诉或起诉 —— 缺失。[8] 由平台综合双方材料“决定是否采取必要措施”，没有任何期满恢复机制 —— 缺失。[9] 未提公示 —— 缺失。 | N12: =COUNTIF(D12:L12,"满足") -> 3 | O12: =COUNTIF(D12:L12,"部分满足") -> 3 | P12: =COUNTIF(D12:L12,"缺失") -> 3 | Q12: =COUNTIF(D12:L12,"不适用") -> 0 | R12: =COUNTA(D12:L12) -> 9
A13: 9 | B13: =来源登记!B13 -> 苏宁易购 | C13: =来源登记!C13 -> 考卷 | D13: 满足 | E13: 满足 | F13: 满足 | G13: 部分满足 | H13: 部分满足 | I13: 满足 | J13: 满足 | K13: 满足 | L13: 缺失 | M13: [1] 有《苏宁易购知识产权举报平台操作指引》—— 满足。[2] 要求身份证/营业执照、各类权利证书及“举证材料” —— 满足。[3] 收到初步证据后“5-7个工作日内进行审核”，成立的采取“删除、屏蔽、断开链接等必要措施” —— 满足。[4] 指引未写转送通知；只能从商家可“提供申诉声明”推知商家被告知 —— 部分满足。[5] 列举了可能被“判定为恶意通知”的情形，未写法律责任 —— 部分满足。[6] 被投诉人可提供申诉声明及“反驳证明” —— 满足。[7] 系统将申诉声明通知投诉人，投诉人“可向相关主管部门投诉或者向人民法院起诉” —— 满足。[8] 投诉人应“在收到申诉声明通知起15日之内”提交投诉或起诉材料，超时“平台将解除对被投诉人的处罚措施” —— 满足。[9] 未提公示 —— 缺失。 | N13: =COUNTIF(D13:L13,"满足") -> 6 | O13: =COUNTIF(D13:L13,"部分满足") -> 2 | P13: =COUNTIF(D13:L13,"缺失") -> 1 | Q13: =COUNTIF(D13:L13,"不适用") -> 0 | R13: =COUNTA(D13:L13) -> 9
A14: 12 | B14: =来源登记!B16 -> 美团 | C14: =来源登记!C16 -> 考卷 | D14: 满足 | E14: 满足 | F14: 部分满足 | G14: 满足 | H14: 部分满足 | I14: 部分满足 | J14: 部分满足 | K14: 部分满足 | L14: 缺失 | M14: [1] 有专门的《美团知识产权投诉处理规则》 —— 满足。[2] 通知应包含权利人身份证明、权属证明文件、“构成侵权的初步证明材料” —— 三类齐全，满足。[3] 删除、屏蔽、断开只作为投诉人“有权”要求的事项出现；平台承诺“及时审查”，未承诺及时采取措施 —— 部分满足。[4] 平台“依法将有效的通知和申诉材料转送相关人员和机构” —— 满足。[5] “因投诉人通知错误…需依法承担民事责任” —— 只写错误通知，未写恶意通知，部分满足。[6] 被投诉人“有权…进行不侵权申诉”，列了申诉理由但未要求附证据；且核查属实须先整改，否则“无法形成有效申诉” —— 部分满足。[7] 转送申诉材料，未写告知权利人可投诉或起诉 —— 部分满足。[8] 只提到“十五天反通知流程”，未写起算点和期满恢复 —— 部分满足。[9] 未提公示 —— 缺失。 | N14: =COUNTIF(D14:L14,"满足") -> 3 | O14: =COUNTIF(D14:L14,"部分满足") -> 5 | P14: =COUNTIF(D14:L14,"缺失") -> 1 | Q14: =COUNTIF(D14:L14,"不适用") -> 0 | R14: =COUNTA(D14:L14) -> 9
B16: 各项统计（仅考卷，不含例题和示例）
C17: 满足 | D17: =COUNTIFS($C$6:$C$14,"考卷",D6:D14,"满足") -> 7 | E17: =COUNTIFS($C$6:$C$14,"考卷",E6:E14,"满足") -> 5 | F17: =COUNTIFS($C$6:$C$14,"考卷",F6:F14,"满足") -> 3 | G17: =COUNTIFS($C$6:$C$14,"考卷",G6:G14,"满足") -> 6 | H17: =COUNTIFS($C$6:$C$14,"考卷",H6:H14,"满足") -> 2 | I17: =COUNTIFS($C$6:$C$14,"考卷",I6:I14,"满足") -> 5 | J17: =COUNTIFS($C$6:$C$14,"考卷",J6:J14,"满足") -> 5 | K17: =COUNTIFS($C$6:$C$14,"考卷",K6:K14,"满足") -> 3 | L17: =COUNTIFS($C$6:$C$14,"考卷",L6:L14,"满足") -> 1
C18: 部分满足 | D18: =COUNTIFS($C$6:$C$14,"考卷",D6:D14,"部分满足") -> 0 | E18: =COUNTIFS($C$6:$C$14,"考卷",E6:E14,"部分满足") -> 2 | F18: =COUNTIFS($C$6:$C$14,"考卷",F6:F14,"部分满足") -> 4 | G18: =COUNTIFS($C$6:$C$14,"考卷",G6:G14,"部分满足") -> 1 | H18: =COUNTIFS($C$6:$C$14,"考卷",H6:H14,"部分满足") -> 4 | I18: =COUNTIFS($C$6:$C$14,"考卷",I6:I14,"部分满足") -> 2 | J18: =COUNTIFS($C$6:$C$14,"考卷",J6:J14,"部分满足") -> 1 | K18: =COUNTIFS($C$6:$C$14,"考卷",K6:K14,"部分满足") -> 3 | L18: =COUNTIFS($C$6:$C$14,"考卷",L6:L14,"部分满足") -> 1
C19: 缺失 | D19: =COUNTIFS($C$6:$C$14,"考卷",D6:D14,"缺失") -> 0 | E19: =COUNTIFS($C$6:$C$14,"考卷",E6:E14,"缺失") -> 0 | F19: =COUNTIFS($C$6:$C$14,"考卷",F6:F14,"缺失") -> 0 | G19: =COUNTIFS($C$6:$C$14,"考卷",G6:G14,"缺失") -> 0 | H19: =COUNTIFS($C$6:$C$14,"考卷",H6:H14,"缺失") -> 1 | I19: =COUNTIFS($C$6:$C$14,"考卷",I6:I14,"缺失") -> 0 | J19: =COUNTIFS($C$6:$C$14,"考卷",J6:J14,"缺失") -> 1 | K19: =COUNTIFS($C$6:$C$14,"考卷",K6:K14,"缺失") -> 1 | L19: =COUNTIFS($C$6:$C$14,"考卷",L6:L14,"缺失") -> 5
C20: 不适用 | D20: =COUNTIFS($C$6:$C$14,"考卷",D6:D14,"不适用") -> 0 | E20: =COUNTIFS($C$6:$C$14,"考卷",E6:E14,"不适用") -> 0 | F20: =COUNTIFS($C$6:$C$14,"考卷",F6:F14,"不适用") -> 0 | G20: =COUNTIFS($C$6:$C$14,"考卷",G6:G14,"不适用") -> 0 | H20: =COUNTIFS($C$6:$C$14,"考卷",H6:H14,"不适用") -> 0 | I20: =COUNTIFS($C$6:$C$14,"考卷",I6:I14,"不适用") -> 0 | J20: =COUNTIFS($C$6:$C$14,"考卷",J6:J14,"不适用") -> 0 | K20: =COUNTIFS($C$6:$C$14,"考卷",K6:K14,"不适用") -> 0 | L20: =COUNTIFS($C$6:$C$14,"考卷",L6:L14,"不适用") -> 0
C21: 已标注 | D21: =COUNTIFS($C$6:$C$14,"考卷",D6:D14,"<>") -> 7 | E21: =COUNTIFS($C$6:$C$14,"考卷",E6:E14,"<>") -> 7 | F21: =COUNTIFS($C$6:$C$14,"考卷",F6:F14,"<>") -> 7 | G21: =COUNTIFS($C$6:$C$14,"考卷",G6:G14,"<>") -> 7 | H21: =COUNTIFS($C$6:$C$14,"考卷",H6:H14,"<>") -> 7 | I21: =COUNTIFS($C$6:$C$14,"考卷",I6:I14,"<>") -> 7 | J21: =COUNTIFS($C$6:$C$14,"考卷",J6:J14,"<>") -> 7 | K21: =COUNTIFS($C$6:$C$14,"考卷",K6:K14,"<>") -> 7 | L21: =COUNTIFS($C$6:$C$14,"考卷",L6:L14,"<>") -> 7

Sheet 判断标准
A1: 判断标准（起步版，随标注过程补充）
A2: 蓝底列为预写标准，可修改；黄色的“疑难案例记录”由你在标注中填写：原文 + 你的判断 + 理由。
A4: 编号 | B4: 检查项 | C4: 依据 | D4: 法条要求 | E4: 搜索关键词 | F4: 满足 | G4: 部分满足 | H4: 缺失 | I4: 不适用 | J4: 易错点 | K4: 疑难案例记录
A5: 1 | B5: 建立知识产权保护规则 | C5: 电商法41条 | D5: 平台应当建立知识产权保护规则，与权利人加强合作。 | E5: 知识产权、侵权投诉、权利人 | F5: 有专门的知识产权保护规则或投诉指引 | G5: 没有专门规则，只在用户协议中零散提及 | H5: 完全没有相关规定（后续各项基本也都是缺失） | I5: —（一般不应出现） | J5: 与权利人合作机制（如权利人快速通道）属于加分项，不作为满足的必要条件。
A6: 2 | B6: 通知须附初步证据及身份信息 | C6: 电商法42条、民法典1195条 | D6: 通知应当包括构成侵权的初步证据，以及权利人的真实身份信息。 | E6: 投诉材料、权属证明、初步证据、身份证明、营业执照 | F6: 要求提交权属证明、侵权证据、身份材料三类 | G6: 只要求其中一两类，或笼统写“提交相关材料” | H6: 对通知内容没有任何要求 | I6: —（一般不应出现） | J6: 委托代理人投诉时，看是否要求授权委托书和代理人身份材料，可在疑难案例中记录。 | K6: 抖音电商、拼多多：规则正文只要求权属证明和侵权证据，身份材料只体现为“注册投诉账号/身份认证”的操作步骤，没有写进通知内容要求。按“只要求其中一两类”判部分满足；如果你认为账号实名认证即可算身份材料，这两家可改为满足。
A7: 3 | B7: 及时采取必要措施 | C7: 电商法42条 | D7: 平台接到通知后，应当及时采取删除、屏蔽、断开链接、终止交易和服务等必要措施。 | E7: 下架、删除、屏蔽、处理时限、工作日 | F7: 写明采取哪些措施，并有处理时限或“及时处理”的承诺 | G7: 写了措施但没有任何时间要求，或只说平台“可以”视情况处理 | H7: 没说接到投诉后如何处理 | I7: —（一般不应出现） | J7: 法律没有规定具体天数，没写“X日内”不算缺失，只要有明确的处理承诺即可。 | K7: 抖音电商：规则2.2.1写“会及时处理”并列明措施，按规则文本判满足；但商家学习中心称平台一般先给商家约7天前置期整改/申诉，再移除或下架。规则承诺与实际流程可能不一致，建议复核。美团：删除、屏蔽、断开只出现在投诉人权利条款里，平台只承诺“及时审查”，判部分满足。 拼多多：承诺“及时采取必要措施”，但没写删除、屏蔽等具体措施，判部分满足。
A8: 4 | B8: 将通知转送平台内经营者 | C8: 电商法42条 | D8: 平台应当将通知转送平台内经营者。 | E8: 转送、告知被投诉方、通知商家 | F8: 明确会把投诉内容（至少包括投诉理由和证据）告知商家 | G8: 只告诉商家“被投诉了”或处罚结果，不提供投诉内容 | H8: 完全没提通知商家 | I8: —（一般不应出现） | J8: 注意区分“告知处理结果”和“转送通知”，前者不等于后者。 | K8: 淘宝（IPP）：“移除侵权链接并通知对方”，未说明是否转送投诉内容；苏宁指引未写转送，只能从商家可提交申诉声明推知。两者均判部分满足。
A9: 5 | B9: 错误通知、恶意通知的责任 | C9: 电商法42条第3款 | D9: 因通知错误造成经营者损害的，依法承担民事责任；恶意发出错误通知造成损失的，加倍承担赔偿责任。 | E9: 恶意投诉、错误投诉、赔偿、法律责任 | F9: 写明错误通知的民事责任，以及恶意通知加倍赔偿（或恶意投诉的法律责任） | G9: 只写平台会限制恶意投诉账号，没提法律责任；或只提到两者之一 | H9: 完全没提 | I9: —（一般不应出现） | J9: 投诉人的责任来自法律本身，不依赖平台规则。本项检查的是规则有没有告知。
A10: 6 | B10: 经营者可提交不侵权声明 | C10: 电商法43条 | D10: 经营者收到转送的通知后，可以提交不存在侵权行为的声明，声明应当包括初步证据。 | E10: 申诉、声明、反通知、不侵权 | F10: 允许商家申诉，并要求附不侵权的证据 | G10: 有申诉渠道，但没要求提供证据 | H10: 商家无法申诉 | I10: —（一般不应出现） | J10: 有些平台的“申诉”只针对平台处罚，不针对权利人的投诉本身，遇到时记入疑难案例。 | K10: 得物：新版指引只在引言提到平台依据“被投诉方可能提交的申诉材料”判断，没有申诉入口、声明内容和证据要求；商家侧《违规管理规则》的申诉又针对平台处罚。判部分满足。 美团：把“已经整改至不侵权状态”列为申诉理由，并规定核查属实的须先整改，否则“无法形成有效申诉”，不能进入十五天反通知流程——把整改当作申诉前提，与法定的不侵权声明不同，判部分满足。
A11: 7 | B11: 转送声明并告知可投诉或起诉 | C11: 电商法43条 | D11: 平台接到声明后，应当转送权利人，并告知其可以向有关主管部门投诉或向人民法院起诉。 | E11: 转送申诉、告知权利人、起诉、投诉 | F11: 转送声明和告知救济途径两者都写了 | G11: 只写了其中一个 | H11: 两者都没有 | I11: —（一般不应出现）
A12: 8 | B12: 15日内无投诉或起诉则终止措施 | C12: 电商法43条第2款 | D12: 转送声明到达权利人后15日内，未收到权利人已投诉或起诉的通知的，应当及时终止所采取的措施。 | E12: 15日、十五日、恢复、终止措施 | F12: 明确规定15日（或更短）等待期，期满未收到投诉或起诉通知即恢复 | G12: 有恢复机制但期限更长（如“15个工作日”）、只写“合理期限”，或完全由平台自行判断申诉是否成立 | H12: 没有任何恢复机制 | I12: —（一般不应出现） | J12: ① 15日从“声明到达权利人”起算，不是从商家提交声明起算。② “平台自行审查决定是否恢复”与法定的“期满即恢复”机制不同，很常见，值得记入疑难案例。 | K12: ① 淘宝（IPP）：申诉后由平台“决定是否恢复商品链接”，走法定程序需另走邮箱通道——典型的平台自行审查，判部分满足。② 京东：15日从“到达”起算，但写“有权终止”且申诉先经平台审核（2.2.1），判满足但记入此处。③ 小红书：15日从“转送之日”起算（转送之日可能早于到达之日，实际等待期可能略短于法定期间），同时保留“视情况决定是否解除”，判满足。④ 快手（2026-07-09版）：没有15日期满恢复，只有投诉处理完成后出现有利证据时“有权终止或保留”措施，判部分满足。⑤ 苏宁：15日从权利人“收到申诉声明通知起”算，超时即解除，但平台会审查起诉材料，判满足。 ⑥ 抖音电商：2.2.4“有权依法终止或保留”措施，无15日期限，判部分满足。⑦ 美团：只提“十五天反通知流程”，且须平台核查通过才能进入，判部分满足。 ⑧ 拼多多：写了“在规定期限内”未收到投诉或起诉通知即及时终止措施，但未写明15日，判部分满足。
A13: 9 | B13: 公示通知、声明及处理结果 | C13: 电商法44条 | D13: 平台应当及时公示收到的通知、声明及处理结果。 | E13: 公示、公告、处理结果 | F13: 写明会公示通知、声明和处理结果三者 | G13: 只公示处理结果，或只在商品页标注“因侵权下架” | H13: 没提公示 | I13: —（一般不应出现） | J13: 公示信息有时放在单独页面（如“处罚公示”栏目），规则正文搜不到时去平台其他页面找。 | K13: 京东：申诉规则4.3“有权根据相关法律的规定公示双方的投诉和申诉信息”——写的是“有权”且未提处理结果，判部分满足。 抖音电商：2.4 写“有权”公示通知、声明及处理结果，三者齐全但不是承诺，暂判满足；如果你认为“有权”只算部分满足，京东和抖音应统一口径。
